{"cameraMode":{"drawMode":0,"name":"Shaded","section":"Shading Mode"},"sceneLighting":true,"audioPlay":false,"sceneViewState":{"m_AlwaysRefresh":false,"showFog":true,"showSkybox":true,"showFlares":true,"showImageEffects":true,"showParticleSystems":true,"showVisualEffectGraphs":true,"m_FxEnabled":true},"in2DMode":false,"pivot":{"x":-21.513479232788087,"y":-2.2264795303344728,"z":-60.014339447021487},"rotation":{"x":0.007582596968859434,"y":-0.9923804998397827,"z":0.08537069708108902,"w":0.0883549302816391},"size":21.374711990356447,"orthographic":false}