{"cameraMode":{"drawMode":0,"name":"Shaded","section":"Shading Mode"},"sceneLighting":true,"audioPlay":false,"sceneViewState":{"m_AlwaysRefresh":false,"showFog":true,"showSkybox":true,"showFlares":true,"showImageEffects":true,"showParticleSystems":true,"showVisualEffectGraphs":true,"m_FxEnabled":true},"in2DMode":false,"pivot":{"x":-21.980182647705079,"y":-0.0029859542846679689,"z":-17.98163604736328},"rotation":{"x":-0.390037477016449,"y":-0.014693585224449635,"z":0.006085921544581652,"w":-0.9204365015029907},"size":6.352586269378662,"orthographic":false}